序号	说明	程序存储	数据存储	负载程序	指令数	仿真周期数	IPC	综合频率 (MHz)	综合面积	LSU_C	CSR_C	BQU_C	ALU_C	取指平均延迟	平均访存延迟	icache访问次数	icache命中率	AMAT	icache确实代价	分支预测准确率	非跳转指令预测为跳转指令数
1	第一次性能测试	Flash	SDRAM	microbench-test	10000	7,826,169	0.000012	659	18610	2608	2	1398	5992	942	223	10000					
2	添加icache	Flash	SDRAM	microbench-test	500000	212446520	0.002353	593	25936	111602	2	119748	268648	400	100	500000	53.19%	434			
3	通过bootloader改变程序存储介质	SDRAM	SDRAM	microbench-test	500000	19326385	0.025872	593	25936	123759	2	114517	261722	17	79	500000	53.79%	17			
4	优化了icache包括面积和配置	SDRAM	SDRAM	microbench-train	196059761	3812594757	0.051424	588	17237	23109226	2	56782675	116167858	14	36	196037738	85.40	14.342134	91		
5	简易流水线CPU	SDRAM	SDRAM	microbench-train	10000000	558555684 	0.017903	847	16713	2628345	2	1824155	5547498	34.54	70	12575528	73.53%	35.48	130		
6	添加分支预测	SDRAM	SDRAM	microbench-train	196061748	5236134359	0.037444	754	20996	23,109,378	2	56,782,926	 116169441	19.31	71	221521058	84.63%	20.31	125	76.2456	151019
7	为CI测试准备的CPU	SDRAM	SDRAM	microbench-train	20000000	761965005	0.026248	841	24839	5,231,686	2	4,033,511	10734801	26.79	74	21533898	78.67%	26.79	125	78.3659	0
